Huy Hoàng huyhoangn968@gmail.com
Thành Long Csvt99bg@gmail.com
Trần Hiếu Trung hieutrungcomputer.301096@gmail.com
Nguyễn Quốc Bảo nqbaojsp@gmail.com
Thanh Quang thanhquang.stahli@gmail.com
Sáng Trần tranquangsang1207@gmail.com
Đình Tuấn dinhtuanvo2712@gmail.com
Hai Pham pmhaibku@gmail.com
Huy Nguyen pythago1999@gmail.com
Đặng Qui Thuận dangquithuan2602@gmail.com
Mai Nhân Phúc Tieuphucnhan@gmail.com
Trường Huy huyhieu10.11.1999@gmail.com
Sĩ Quãng boboiboy3181998@gmail.com
Nguyễn Hải vanhain30@gmail.com
Đình Khang hdkhang1504@gmail.com
Đoàn Kim Định doankimdinh113@gmail.com
Quốc Thắng Thangtcq@gmail.com
Lê Văn Liêm liem6396@gmail.com
Duy Tư duytu097@gmail.com
Tuệ Nguyễn dactue1006@gmail.com
Cường Lê vietcuongkashi97hy@gmail.com
Việt vietawake@gmail.com
Nguyễn Xuân Hải anzuhan3@gmail.com
An dr4clil4@gmail.com
Khả Yến Vuthiyen1602999@gmail.com
Chien Huynh minhchien4680@gmail.com
Hiếu Dương dhieu999@gmail.com
Tomee Gml toumee.xyv@gmail.com
Trần Đức Trường Tranductruong210@gmail.com
Phan Nguyễn xuantam775@gmail.com
Đặng Quốc Hùng dangquochung2910@gmail.com
Tâm Trần shin.ctv72111@gmail.com
Ông Hoàng Hoangdv1992@gmail.com
Hoa Huong Duong nguyennguyenhoang1121993@gmail.com
Hồ Văn Lộc hvanloc0705@gmail.com
Le Ngoc Thanh thanhspkt1992@gmail.com
Hữu Bằng buihuubang@outlook.com
Hòa Kim phamhoa041196@gmail.com
Nguyễn Chí Công Congthongtin.khxh@gmail.com
Nguyen Chung nguyenducchungsn95@gmail.com
Nguyễn Thạnh thanhtt9900@gmail.com
Phạm Luận pluan20893@gmail.com
Kim Tuấn Đoàn Doantuan21101999@gmail.com
Hoài Thu Thuhb200298@gmail.com
Đăng Khoa dangkhoa12.kd@gmail.com
Anh Thư Mai anhthu98.tn@gmail.com
Thái 's Nguyễn tonythainguyen20@gmail.com
Huỳnh Gia Bảo huynhgiabaoa2@gmail.com
Hùng Phong nghungphong96@gmail.com
Pham Nhu Canh nhucanh082@gmail.com
Nguyễn Văn Hưởng mathkudo@gmail.com
Trường Tráng truongtrang.it.spkt@gmail.com
Phan Minh phanminh1999@gmail.com
Ngô Cường ngonhatcuonguit@gmail.com
Ulrich Trịnh sozhangling@gmail.com
Bui Van Quoc buivanquocpd@gmail.com
Tuân Huỳnh huynhducanhtuan305@gmail.com
Khánh Không Pvkhanh98@gmail.com
Phước Hưng phimviet789@gmail.com
Duc Anh ducanger123@gmail.com
Bảo Thạch ngohoangbaothach20@gmail.com
Thu Xlu thuxlu246@gmail.com
Xuân Sơn nxson2509@gmail.com
Phuc Ole phucvancanh@gmail.com
Phong Hurricanes phongkavip98@gmail.com
Nguyệt Ánh ngocoanh07031994@gmail.com
Nguyễn Khánh Việt Dũng kisassasin2110@gmail.com
Minh Tài dmtai091@gmail.com
Nguyễn Quốc Thành nguyenquocthanhh98@gmail.com
Lê Quang Hải lqhai1121@gmail.com
Kim Tieu Duy Kimtieuduy98@gmail.com
Phạm Hùng Phamhunggttn@gmail.com
Nguyễn Nam Sơn Namson.cdt01.tnut@gmail.com
Duong Le warstreet75@gmail.com
Thoa Tran trankimthoaqs@gmail.com
Nguyễn Mạnh Cầm nguyenmanhcam96@gmail.com
Hoàng Nhân hoangthachttll1412@gmail.com
Mai Bá Giang Sơn sonsvit98434@gmail.com
Trần Xuân Nam tranxuannam02041997@gmail.com
Tiền Phong Phongbl121@gmail.com
Thuận Nguyễn minhthuanit7917@gmail.com
Quang Hieu hieuquang2212@gmail.com
Vũ Đức Thắng yeuem150499@gmail.com
Tùng Hàn nh0cdajgja196@gmail.com
Huy Phạm pqhuy.ict@gmail.com
Gia Hảo giahaocbl@gmail.com
Doãn Phú Doanphuxm01@gmail.com
Minh Đức Ngominhducd12@gmail.com
Quang Hà Buiquangha250199@gmail.com
Võ Hoang Thien thiendq215@gmail.com
Minh Trungg trungntm.97@gmail.com
Nguyễn Minh Thành minhthanhdn10@gmail.com
Hùng Hungdng.92@gmail.com
Nguyễn Duy Duytunahd59@gmail.com
Việt Hoàng duongviethoang98@gmail.com
Lưu Quốc Thắng savenationwin@gmail.com
Võ Thế Công vtconga4tqtpy@gmail.com
Nguyễn Trọng Quyền trongquyen2051998@gmail.com
Sĩ Tiến Sitienbmt@gmail.com
Hiếu Xuân Hồ hoxuanhieu131099@gmail.com
Nguyễn Trung Hậu nguyentrunghau2271997@gmail.com
Không Quan Trọng Sauthienthu678@gmail.com
Huấn Hoàng Thehoangnguyen12345@gmail.com
Huu Uoc Nguyen huuuon@gmail.com
Hoàng Tiến Bình kakashi98.bn@gmail.com
Data Data lionelcris123@gmail.com
Hàn Lâm greenvn069@gmail.com
Tuấn An Võ rockystriker123.cool@gmail.com
Giang Pham provkl321@gmail.com
Nguyễn Minh Đức ducnguyen293105@gmail.com
Đổng Nguyễn Dtxmendt@gmail.com
Nguyễn Trung Hiếu hieunt76124@gmail.com
Thiện Nguyễn Đình thiennguyendinh95@gmail.com
Tuấn Dũng Tuandungitcn6@gmail.com
Chiến Phạm chienpham304@gmail.com
Tín Trung Phan D3vi0ps@gmail.com
Nhật Trường nhattruong04x9@gmail.com
Chử Kỳ Giang Sơn Chukygiangson@gmail.com
Nhật Tiến tien1999fc@gmail.com
Phạm Quốc Bảo quocbaohx@gmail.com
Đàm Anh Hào fb.ckga97@gmail.com
Tuấn Minh Lê tuanlmst02@gmail.com
Ri Trinhri1997@gmail.com
Nguyễn Đình Tiến tienvidic@gmail.com
ThiệnHuy Hồ thienhuyh@gmail.com
Đoàn Trần Anh Tuấn doantrananhtuan.qn@gmail.com
Kiến Bay Kienbay.bayxa@gmail.com
Anh Tran Tta9799@gmail.com
Cherry Ho sauho97@gmail.com
Dương tienduong250196@gmail.com
Hiếu vanhieunguyen0706@gmail.com
Lê Hoàng Long long.lhoang.1809@gmail.com
Hoa Vũ Vuhoahoa197@gmail.com
Nguyễn Thành An nguyenthanhan0305@gmail.com
Lý nhly.se@gmail.com
Hợp Nguyễn Khả Hopdajka97@gmail.com
Cao Duy Phong duyphongmmo@gmail.com
Việt Hoàng viethoang15061999@gmail.com
Hoàng Mẫn Hoangman772@gmail.com
Hải Nguyễn hainguyen8895@gmail.com
Đức Lâm Lam29012000@gmail.com
Văn Na Caovanna261177@gmail.com
Nguyễn Tấn Phúc Tanphucdtu@gmail.com
Nguyên Trần tranvannguyen8181@gmail.com
Phạm Tuấn Anh phamtuananhvnvt1992@gmail.com
Nguyễn Thư thuptit289@gmail.com
BĨm Chu kuninguyen195@gmail.com
Nguyễn Ngọc Biên ngocbien998@gmail.com
Lê Hoàng Trọng Minh lehoangtrongminh21@gmail.com
Thái Hoàng thaihoang286.97@gmail.com
Kối Cương Đây là gmail của mình. Cuong30061997@gmail.com
Nguyễn Nam Hải nguyennamhai9x99@gmail.com
Trần Phước Hạnh Phuochanh08@gmail.com
Phí Thành Pdthanh97cs@gmail.com
Ney Phungmanhcuong43@gmail.com
Ste Hust vantruongbk1@gmail.com
Đỗ Chí chi.doduy1996@gmail.com
Đức Minh minhscdhpvn@gmail.com
Vũ Đình Duy Vuduysm97@gmail.com
Vinh Lâm vinhlam9011@gmail.com
Tan Vo leoiriswtocean@gmail.com
Lâm Phúc Lamngguyen97@gmail.com
Hồ Văn Trungg Trungcodon1998@gmail.com
Hiếu Đặng huyhieudang99@gmail.com
Nguyễn Xuân Minh Nguyenxuanminh10@gmail.com
Nguyễn Văn Giang nvg.cdspbn@gmail.com
Nguyễn Công Lợi ncl.csp@gmail.com
Văn Tâm tranvantrun@gmail.com
Nguyễn Hoàng Ngân lakan1234@gmail.com
Đức Khánh khanhkuku99@gmail.com
Đạt Nguyễn Jamesbondcfs@gmail.com
Linh Vu linhvu231@gmail.com
Linh Suy Tư linhsuytu136@gmail.com
Duc Anh Tran tranducanhdragon@gmail.com
Thảo Nguyên SoSoicon2110@gmail.com
Diệu Hà dieuha1997@gmail.com
Sơn Nhất sonnhatbest@gmail.com
Phương Nguyễn ryunphuongnguyen@gmail.com
Trần Cao Phong lordoffifa3@gmail.com
Minh Tuấn kevodanhtbk@gmail.com
Nguyễn Hữu Lợi Lyonguyen311@gmail.com
Hữu Thiên thien20022015@gmail.com
Mạnh Thu thuha.angel97@gmail.com
Quang Minh minh.ng1314@gmail.com
Tài Sỹ taisy8296@gmail.com
Trương Quang Nhân Truongquangnhan299@gmail.com
Nguyễn Danh Bảo An Danhngoc1999.vn@gmail.com
Nguyễn Hồng Sơn Sonhong121997@gmail.com
Trương Tiến tien.truong.2506@gmail.com
Bùi Hữu Hòa hoa14cdt2bk@gmail.com
Thế Dân passierion@gmail.com
Toan Pham toanpn@weldcom.vn
Đức Tùng daoductung1997@gmail.com
Lê Bắc Lecongbac9797@gmail.com
Toan Pham toanpn@weldcom.vn
Trang Trần tranthitrang16081999ttt@gmail.com
Điu Tư Nhien Thiencafe2018@gmail.com
James Tiển thanhbu96@gmail.com
Huỳnh Anh Hoanganhpham.rasta@gmail.com
Hữu Thuấn lehuuthuan292@gmail.com
Trần Huy Hoàng walcott797@gmail.com
Mạnh Cào Manhcao277@gmail.com
Tuấn Khang 0986805249love@gmail.com
Nguyễn Thanh Tùng tungqn11135@gmail.com
Lợi Họ Huỳnh huynhloi0910@gmail.com
Nguyên Tân ngtan791999@gmail.com
Hà Mika Hamika1309@gmail.com
TrongTan NgoTran nttrongtan1605@gmail.com
Tiến Hân Tiến Hân tienhan9612@gmail.com
Trần Thép chienbinhthepbk@gmail.com
Minh Trần quangminh.17cntt@gmail.com
Văn Vũ theforest1612@gmail.com
Lành Đức Thiện Lanhducthien@gmail.com
Nguyễn Thị Hoàng Nguyện Hoangnguyenhm198@gmail.com
Nguyễn Huy Hoàng nh1991998@gmail.com
Nguyễn Thành Lâm thanhlam14051996@gmail.com
Bắc Siro nguyenquangbac97@gmail.com
Đỗ Ngọc Hiếu ngochieumta@gmail.com
Vũ Văn Đạt vuvandat361998@gmail.com
Thái Dương drsmile6969@gmail.com
Nghia Truong Trong nganvutru@gmail.com
Hữu Nghĩa buihuunghia.10hlvc@gmail.com
Dương Vũ duongdiemdy@gmail.com
Quốc Bảo quocbaoluong0608@gmail.com
Alex Le leducle1993@gmail.com
Bầu Trời Tư Cách Minhcules98@gmail.com
Minh Tuấn Cù caubeuudam@gmail.com
Hai Hoang Haiminh9299@gmail.com
Võ Tâm tamvo.uiu@gmail.com
Nguyen Minh Hai salacompassion@gmail.com
Triệu Dương duonggoku@gmail.com
Hiển Vü cochocan98@gmail.com
Dzuong Thai shiroyasha699969@gmail.com
Nhã Nhã hodiep845@gmail.com
Đặng Quang Đạt dat1999vn@gmail.com
Oke Oke thang2321998@gmail.com
Phạm Bảo sensohara@gmail.com
Nguyễn Tiến Duy duyco0311@gmail.com
Phạm Văn Hậu phamhau96.nd@gmail.com
Đỗ Vũ trongdovan98@gmail.com
Thoa Stellar thoalepampam@gmail.com
Return Quickly duongdanhdoan@gmail.com
Dinh Chuc Nguyen ndinhchuc@gmail.com
Tanphat Tran tanphattp97@gmail.com
Hải Âu haiau762@gmail.com
Quang Khải Ngokhai07031998@gmail.com
Brandon B. Le Codestudy0210@gmail.com
Lý Bình Tấn lybinhtan@gmail.com
Hồ Nhất Hào honhathao250398@gmail.com
Nguyen Do dibienthoigian@gmail.com
Nguyễn Hoàng Sơn nguyenhoangson.tci@gmail.com
Nguyễn Báu Baudcctak54@gmail.com
Huyen Su Thanhnamdo2015@gmail.com
Nguyễn Tính Hackerkeylock@gmail.com
Phùng Thế Nam 02invoker@gmail.com
Giang Nguyen nguyenthisim97lc@gmail.com
Thọ Nguyễn thonguyen20081998@gmail.com
Nguyễn Linh linhnguyen09111997@gmail.com
Hà Nguyễn Việt Viethanguyen510@gmail.com
Hồ Anh Nhật quachkelu@gmail.com
Trần Thanh Tâm Sutrinh1999@gmail.com
Nguyễn Bảo Huy 311nguyenbaohuy@gmail.com
Toàn Hoàng Toantun13052000@gmail.com
Neil Phạm phamvanhau30031997@gmail.com
Tình Cu Te ezmore.98@gmail.com
Nguyen Minh Hieu minkhieu1909@gmail.com
Phạm Tài Hậu taihauppp@gmail.com
Vương Hiếu vuonghieulg1308@gmail.com
Kỳ Lâm minhkhue7723@gmail.com
Anh Ngọc Ngô anbertgameemail@gmail.com
Nguyễn Tú Tu66778899@gmail.com
Tuân Linh Chi nghiemthihachi@gmail.com
Vo Hu masstelnn460@gmail.com
Duy Nam Nammadridista2309@gmail.com
Nguyễn Phượng helloimys.g6@gmail.com
Hữu Huynh huuhuynhdhsp.it@gmail.com
Đặng Quốc Thìn Thanhmy209704@gmail.com
Bích Ngọc hoangthibichngoc335@gmail.com
Lê Đức Việt kysido22@gmail.com
Vĩ Nam nhanvinam99@gmail.com
Lâm Thành Bộ lambo3338@gmail.com
Bảo Điền capbaodien@gmail.com
武 阮 nguyenvu261294@gmail.com
Lương Bằngg luongbang1108@gmail.com
Nguyen Van Anh probxyz1@gmail.com
Trí Nguyễn ngmtri247@gmail.com
Vi Văn Thức thuckate@gmail.com
Nguyễn Sơn Sonn2526@gmail.com
Hoang Hung hoanghung016425855@gmail.com
Huỳnh Dũng tuongtukhoc@gmail.com
Quốc Hội Vũ quocvu142@gmail.com
Đạt Nguyễn Sodechj1@gmail.com
Hùng Hoàng gripexv@gmail.com
Lê Đức Quyền Allrightvosinh123@gmail.com
Nauka Trần Công Thao nauka.trancongthao@gmail.com
Huỳnh Hùng huynhhung07101996@gmail.com
Nguyễn Lê Minh minhxiu94@gmail.com
Nguyễn Phú Tín nptmuder@gmail.com
Trần Hải Dương Quyettamnha@gmail.com
Lê Văn Luân lvluan0902x@gmail.com
Lê Tăng Có 17520296@gm.uit
Duc Nam ducnam0807@gmail.com
Trần Anh Tuấn Anhtuan97dt@gmail.com
Nhật Tân nhattan12399@gmail.com
Tôi Là Nam Badaowap@gmail.com
Dương Kirin phaichisophan@gmail.com
Đặng Trần Hải haijaytee1997@gmail.com
Tới Danh Hà hadanhtoi@gmail.com
Thanh Mon laithithanh1998@gmail.com
Long Vũ Vuluonghaohoa@gmail.com
Trung Đức Hohunghangt@gmail.com
Thanhh Thảoo thcsvt.9a6.thanhthao@gmail.com
VănThiêng Phạm phamvanthieng123@gmail.com
Tiến Đạt Tiendathopthinh@gmail.com
Linh Hoàng Linhhoang1094@gmail.com
Quan Nguyen nquan1007@gmail.com
Anh Nguyen The Theanh4497@gmail.com
Bánh Mìi haubm.1995@gmail.com
‪‪‪‪‪‪‪‪‪‪‪‪‪‪‪‪‪‪‪‪‪‪‪‪‪‪‪‪‪‪‪‪‪‪‪‪‪‪‪‪‪‪‪‪‪‪‪‪‪‪‪‪‪‪‪‪‪‪‪‪‪‪‪‪‪‪‪‪‪‪‪‪‪‪‪‪‪‪‪‪‪‪‪‪‪‪‪‪‪‪‪‪‪‪‪‪‪‪‪‪‪‪‪‪‪‪‪‪‪‪‪‪‪‪‪‪‪‪‪‪‪‪‪‪‪‪‪‪‪‪‪‪‪‪‪‪‪‪‪‪‪‪‪‪‪‪‪‪‪‪‪‪‪‪‪‪‪‪‪‪‪‪‪‪‪‪‪‪‪‪  😂😂😂 khanh131123@gmail.com
Tran Huy myangelmachine@gmail.com
Hoàng Tôn dinhduyton1997@gmail.com
Nguyễn Minh Tiến lamthuc1998@gmail.com
Phương Nguyễn hoaiphuong19971998@gmail.com
Mình Là Minh hongminhtran88@gmail.com
Hồ Viết Hoàng hoang01659461686@gmail.com
Trần Thành minhhien160619@gmail.com
Xuân Trường xuantruongcules@gmail.com
Hữu Khang khanghuu2@gmail.com
Vũ Kiệt Luân Quanglam0503@gmail.com
Huynh Anhvu Anhvu1405@gmail.com
Phương Phạm pmphuong1704@gmail.com
Nguyen Hoang Bao Bao bao150790@gmail.com
Đoàn Hoàng Thanhhoang.3rd@gmail.com
Nguyen Thuan nguyenngocminhthuan1999@gmail.com
Hào Bùi rumdev1403@gmail.com
Nguyễn Tứ Cường tucuongbrt@gmail.com
Công Quyền phancongquyen2010@gmail.com
Nguyễn Thanh Tuấn tuantoi8519@yahoo.com
Khôi Phan khoiphanspkt@gmail.com
Cậu Út Miền Tây kncreator03@gmail.com
Andy Hazad vuducthang210395@gmail.com
Nhựt Kha nhutkha1997@gmail.com
Phan Quốc Thái phanquocthai1997@gmail.com
Tùng Nguyễn Tungvipclna@gmail.com
Quỳnh Ngân qngan99122@gmail.com
Đạt Đạt datnguyen08011999@gmail.com
Quỳnh Ngân qngan99122@gmail.com
Trung Hiếu shincubin107@gmail.com
Albert Đang Quachdangpro@gmail.com
Pearce Aiden linkinpark872@gmail.com
Thanh Phạm Thanhhs4796@gmail.com
Chấn Nam naml45889@gmail.com
Tâm Lương Minh minhtam2048@gmail.com
Thinh Le thinhletran1996@gmail.com
Nguyễn Dương duong96dc@gmail.com
Nam Dương namqn30497@gmail.com
Trần Ngọc Vinh tnvinh97@gmail.com
Trần Tấn Huy haidaik0169@gmail.com
Thành Kudo thanhvnguyen2006@gmail.com
Van Nam fantasy2943@gmail.com
Trần Phi Long philongtran1996@gmail.com
Gia Việt vietxuyen97@gmail.com
Gã Du Mục manhduy2110@gmail.com
Hoàn Thành toilavua5@gmail.com
Cậu Bé Vil iambigshi@gmail.com
Phuong Anh anhphanh.210@gmail.com
Trần Thếanh Anhtrantb469@gmail.com
Xuân Thạch xuanthachldvhvttb@gmail.com
Toàn Lê godcute010@gmail.com
Đoàn Minh Toàn metroairplane@gmail.com
Anh Tuan tuando24101997@gmail.com
Sobin Trần anhquantranhung@gmail.com
Tuấn Vũ tuan.vu151099@gmail.com
Phan Trần Xuân Nghĩa xuannghia241097@gmail.com
Harding Adonis hardingadonis@gmail.com
Tên Chỉ Một Chữ kakashijin19@gmail.com
Phan Trọng Thuyên phantrongthuyen9d@gmail.com
Trọng Hậu hauphanlvc@gmail.com
Phú Đoàn doanphua4@gmail.com
Nguyen Duy Minh Ngoc yusei25091999@gmail.com
Trinh Lâm trinh.lam9727@gmail.com
Lamquangduy26042002@gmail.com
Viễn CR Madrid Viennguyen871998@gmail.com
Đào Tiến Daotien118@gmail.com
Mỹ Diệu gaubeo4485@set.edu
Lê Minh Sự Zezodayattack@gmail.com
Thuu Hiềnn hien06081997@gmail.com
Nguyễn Huy Định huydinh3010@gmail.com
Hài Lê Lethihai316@gmail.com
Nguyễn Sắc Sacnguyen2708@gmail.com
Vo Tien Khoa votienkhoa9c1011@gmail.com
Hiếu Hồ hieuqqq12597@gmail.com
Phan Van Tri pvtxndk@gmail.com
Đại Hải Nguyễn Daihai0608@gmail.com
Nguyễn Minh Tân nguyenmtan27@gmail.com
Vương Tử Nguyendinhvuong1280@gmail.com
Trần Duy Anh lvphat.dongnai@gmail.com
Sơn Kelvin snnguyn343@gmail.com
Lee Tâm tamgalaxyx@gmail.com
Lê Đình Cường cuongduc199x@gmail.com
Nguyễn Đình Tiến tienandehit@gmail.com
Nguyễn Đức Dũng baoboikute1176@gmail.com
Quốc Hoàng hoangpro131@gmail.com
Huy Phùng tuthaiphu1@gmail.com
Tuấn Danh Longthanh995@gmail.com
Duẩn Phan duanphancong@gmail.com
Phrustaradin So truongthihongmaitvdh64@gmail.com
Hồ Đình Hùng hodinhhung2410@gmail.com
Nguyễn Trung monkeydtrungkyuubi97@gmail.com
Sa Hoàng nguyenhoangsa290397@gmail.com
Đức Huy duchuy0990@gmail.com
HiếuThành PY 16521134@gm.uit
Van Qy quypvpy@gmail.com
Võ Thành Hải Vothanhhai1996@gmail.com
Tiến Thành Vương tienthanh01011997@gmail.com
Bong Ma Sa Mạc Samacbongma@gmail.com
Hùng Vi Mạnh Hsntladykillah@gmail.com
Chau Chau lhmc0598@gmail.com
Thanh Trần tranthanh19589@gmail.com
The Panda kuum94@gmail.com
Phan Đức minhduck61uet@gmail.com
Ngọcc Lann ngocclann1909@gmail.com
Tan Huu Nguyen nguyentan85@gmail.com
Quang Trường Truongnqph06586@fpt.edu
Quách Hải Nam Cloenn02@gmail.com
Tài Thế Phùng vungpham219@gmail.com
Minh Hiệp Nguyễn visaolangle00@gmail.com
Nguyễn Quý nguyenquytdnb@gmail.com
Trí Đỗ docaotri211997@gmail.com
Van Cuong Vu 11160780.neu@gmail.com
Duy Nguyên hidro6799@gmail.com
Tran Thanh Toan tranthanhtoan111095@gmail.com
Nam Trần Brooklynam28@gmail.com
Lâm Dương youwelldone@outlook.com
Vương Văn Phan pvv.bkdn.13dt3@gmail.com
Trang Đinh chebongthanhthien@gmail.com
Minh Đức ecchannal@gmail.com
Bảo Trân thylunhihi@gmail.com
Thanh Hường huongnguyen6497@gmail.com
Anh Phan anhphan21@outlook.com
Thiều Nguyên Hạ thieunguyenha@gmail.com
Huy Vân lyhuyvan1998@gmail.com
Đào Phượng daothiphuong1997@gmail.com
Lee Thienhoangtrong610@gmail.com
Tạ Tập Sơn badaovnvlvl@gmail.com
Ngọc Lâm Lê Lam.lengoc98@gmail.com
Trần Quốc Tuấn tranquoctuan050399@gmail.com
Kiều Đăng Thành Kieudangthanh99@gmail.com
Đinh Thanh Tình tinh850256@gmail.com
Bánh Mì dieuhien1036@gmail.com
Tuấn Nhanh nhanhmaria@gmail.com
Nguyễn Phúc Dũng ali0975064@gmail.com
Hung Nguyen Cao nchung.cntt191@gmail.com
Lê Quang Trung trung.lequang1993@gmail.com
Mai Nguyễn Xuân Kiều mngxuankieu1905@gmail.com
Nguyễn Anh Tuấn tuanna.edulike@gmail.com
Thảo Từ tuthithaobg123@gmail.com
Phạm Đức Khánh phamkhanh12354@gmail.com
Mạnh Đức Vũ manhluvhuyen@gmail.com
Pham Son phamhson2017@gmail.com
Nguyễn Lương Lộc nguyenluongloc38@gmail.com
Nguyen van Chien anhchien171998@gmail.com
Nguyễn Văn Vỹ nguyenvanvy170397@gmail.com
Hữu Tâm nguyenhuuthientam0603@gmail.com
Nguyên Nguyễn hainguyenn257@gmail.com
NguyễnQuang Sang ngsang998@gmail.com
Ngọc Đào Ngocviphy1@gmail.com
Trần Trung tnbtrung@gmail.com
Kent Nguyễn Nguyenthaott04@gmail.com
Minh Vương Vuong19081997@gmail.com
Nguyễn Thị Thu Trang hhhtthhhh@gmail.com
Bùi Văn Lâm builam97@gmail.com
Thời Nguyễn daudh55@gmail.com
Nguyễn Tấn Tài kugau2015@gmail.com
Đào Văn Anh Anhi24701@gmail.com
Cáo Trần Caongoctran21897@gmail.com
Nguyễn Đức Trọng Trong0196@gmail.com
Lê Đức Hòa leduchoabatr12@gmail.com
Nguyễn Xuân Thuận nguyenxuanthuan.999@gmail.com
Đỗ Minh Hoàng dmhoang97hv@gmail.com
Nguyễn Hùng Thắng hungthang78910@gmail.com
Nguyễn Ngọc Chiến chienkakashi@gmail.com
Ha Dang hadt97.hvnh@gmail.com
Huy Hoàng Nguyễn 19t6n2003@gmail.com
Nguyễn Thế Văn vanduyen1996@gmail.com
Thinh Phan Thinhphan130997@gmail.com
Trang Pug trangtrang5111998@gmail.com
Thắm hoangthitham97@gmail.com
Loi Nguyen acnguyenloi@gmail.com
Trần Đông Trandong.z1z0@gmail.com
Lê Quang Đạt nguoinhen1a@gmail.com
Nguyễn Hồng Đoàn nhdoan1996@gmail.com
Nguyễn Duy Anh duyanh097@gmail.com
Nguyễn Phi Hùng Crazzytun@gmail.com
Tấn Tín 93tinndu1314@gmail.com
Phạm Thành Trung Trungptvnu@gmail.com
Ngọc Trịnh Ngocttb72@wru.vn
Phan Trường truongpq197@gmail.com
Nguyễn Tiến Anh Tienanhnguyen91198@gmail.com
Anh Tùng Leanhtung.le.7@gmail.com
Nha Le lethiphuongnha@gmail.com
Lê Công Quốc Cường caitenkhongbitrung@gmail.com
Thanh Thiên thanhthien8297@gmail.com
Trần Văn Kiệt vankiet39@gmail.com
Hoàng Duy Khánh accsteam5122@gmail.com
Ký Nguyễn ngbaky47@gmail.com
Nguyễn Trọng Kiên Luutruhocit@gmail.com
Dương Tiến Cường duongtiencuong.98.nuce@gmail.com
Khoa Nguyễn Khoanguyenptit96@gmail.com
Loan Mai tieunhaty@gmail.com
Đặng Đức xuanduc97th@gmail.com
Lê Hồng Hiệp lhhiepsiehust@gmail.com
HK Khánh hkngokhong@gmail.com
Võ Anh Tuấn vo.anhtuan.0611@gmail.com
Phantuan Minh minhpt2002@gmail.com
Vũ Sĩ Hoàng Hà Vs.hoangha96@gmail.com
Ngô Sơn Ngotruongson1705@gmail.com
Nguyễn Thị Hải Vân smithangen154@gmail.com
Gia Nhu Duoc Chet Nguyentieuat.0v3@gmail.com
Đức Đứng Đắn Nhoxtuthan123@gmail.com
Mai Khắc Nguyên Maikhacnguyen01@gmail.com
Cường Cuongdang1997@gmail.com
Khang Dao 16521697@gm.uit
Còn Lại Gì hung191196@gmail.com
Oanh Luu ldhoanh@hcmus.edu
Son LE leson5826@gmail.com
Chu Toan chuvantoan1996hy@gmail.com
Bùi Quang Trung Tbui004@gmail.com
Nguyễn Đăng Hoà Nguyendanghoahd@gmail.com
Khánh Phan Gautruc9898h@gmail.com
Phương Minh Ngô techand.pjy@gmail.com
Uc Bò Haohao04041999@gmail.com
Nguyễn Viết Nam ngvietnam.6266@gmail.com
Hoang Phuong boyoverice1503@gmail.com
Duy Nguyễn dinhduythaonhi3@gmail.com
Trần Shijno Shjino1999@gmail.com
Khiem Nguyen nguyenkhiem01649526298@gmail.com
Minh Hoàng Nguyễn minhhoangpro09@gmail.com
Trần Đại Long Khánh trandailongkhanh@gmail.com
Lưu Mộng Như Ngọc luumongnhungoc123@gmail.com
Phong Nguyen vanphong.nguyen96@gmail.com
Thắm Vũ vhttham@gmail.com
Dương duong97ptit@gmail.com
Nguyễn Quốc Phi quocphi16@gmail.com
Toàn ts2ta1812@gmail.com
Khoa kieudodackhoa@gmail.com
Hoàng Thị Huyền hthuyen2510@gmail.com
Hà Gia Lộc hgloc123@gmail.com
Đăng Ca balua456@gmail.com
Huỳnh Khanh huynhtuankhanh.cp@gmail.com
Trung Hiếu hieu29011997@gmail.com
Hiếu Lê Xuân thebrackerlove1997@gmail.com
Pham Phong riverblue2512@gmail.com
Hải Nguyễn Kysupha@gmail.com
Hương Hương huonghuong9296@gmail.com
Nguyen Van Linh duongcongdat1998.ql@gmail.com
Vu Tien tien7397@gmail.com
Trần Quốc Hiệp hieptienhaithaibinh@gmail.com
Hải Phạm Hai63695@st.vumaru
Ly Ly lyly23051997@gmail.com
Thien Toan Nguyen thienutvip@gmail.com
Love Kiss lungnv123@gmail.com
Hồ Danh ho.congdanh.mail@gmail.com
Ngọc Trần Phước ngoctp90@gmail.com
Nam Nguyen decakgao@gmail.com
Viet Nguyen bachvietkhtn2017@gmail.com
Trang Khánh youngmiaimy@gmail.com
Thanh Hải thanhhai.qx1@gmail.com
Nguyễn Danh thanhdanh26082001@gmail.com
Thái Hải Long meomok1997@gmail.com
Trần Đứcc Đạo tranducdao12a3@gmail.com
Hiềnhớnhở Hútênmẹ Henrypham9999@gmail.com
Nguyễn Thanh Lộc phuclon0123@gmail.com
Đê Vích Hoàng @buithaihoang9a6@gmail.com
Thang Trinh Trinhthang219@gmail.com
Phong Lan Anh hoangthivananh2796@gmail.com
Hoàng Văn Bảo vanbao.d15ptit@gmail.com
Van Duong duongd15ht01@gmail.com
Hoàng Dương hd1171999@gmail.com
Nguyễn Quốc Việt nguyenquocviet1256@gmail.com
SanSan Nguyễn nguyenhong0201.fpt@gmail.com
Trần Quốc Trung chuyengiagayroi09@gmail.com
Toàn Thiện Koolnguyen1610@gmail.com
Tấn Dân Nguyễn Nguyentandan1997@gmail.com
Nguyễn Duy Công duycong.cn@gmail.com
Nguyễn Đình Quốc Khánh dinhquockhanh1998@gmail.com
Nam Vũ Nguyễn Namnguyenvu04@gmail.com
Ngọc Quang langphong01@gmail.com
Nguyễn Quang Đạt Dat18090@gmail.com
Tran Thanh Hai haittse05348@fpt.edu
Hoài Xuân Phạm cehpxh@gmail.com
Thu Dịu ddiu998@gmail.com
Thành Luân 53579226online@gmail.com
Bùi Xuân Phúc nguyenxuanphuc78@gmail.com
Sỹ Hoàng Lê syhoang2205@gmail.com
Phú Quý Quynp47@gmail.com
Phúc Ân phucan.ptit@gmail.com
Nguyễn Hoàng Huy nguyenhoanghuy0649@gmail.com
Xuân Xuân myleafe.dp@gmail.com
Phùng Cường phungvancuonga61@gmail.com
Quang Long quang.long292@gmail.com
Hàn Phú phuhanld@gmail.com
Holmes Nguyễn Dương duongkhanh1996@gmail.com
Nguyễn Quang qn6782061@gmail.com
Lê Hoàng Phong nckn3scrst3wsks@gmail.com
Nguyễn Văn Vương Nguyenvanvuong972@gmail.c0m
Linh Quang Đinh 15i1dinhquanglinh@gmail.com
Do Trang Tung dotrangtung97@gmail.com
Nhật Joyce Caubalovedn999@gmail.com
Uri Pham themonkeyk@gmail.com
Yến Ngân Nguocchieuvocuc@gmail.com
Đàm Đức Mạnh ducmanh12042002@gmail.com
Nguyễn Sơn Tùng tungga1236@gmail.com
Đăng Johan dangjohan123@gmail.com
Trän Hüy Hoäng tranhuyhoang1011@gmail.com
Nguyễn Trung tieuahri@gmail.com
Quang Lê codonminhtoi2108@gmail.com
